{"event": "missing values", "details": {"FS_SubCort_GM_Vol": 0, "FS_Tot_WM_Vol": 0, "FS_BrainStem_Vol": 0, "FS_L_Hippo_Vol": 0, "FS_R_Hippo_Vol": 0, "FS_L_Amygdala_Vol": 0, "FS_R_Amygdala_Vol": 0, "FS_L_Caudate_Vol": 0, "FS_R_Caudate_Vol": 0, "FS_L_Putamen_Vol": 0, "FS_R_Putamen_Vol": 0, "Age": 0, "Gender": 0, "CogFluidComp_Unadj": 0, "MMSE_Score": 0, "NEOFAC_O": 0, "NEOFAC_C": 0, "ProcSpeed_Unadj": 0, "CardSort_Unadj": 0, "PicVocab_Unadj": 0, "ReadEng_Unadj": 0}}
{"event": "VIF scores", "vif": {"Variable": {"0": "const", "1": "FS_SubCort_GM_Vol", "2": "FS_Tot_WM_Vol", "3": "FS_BrainStem_Vol", "4": "FS_L_Hippo_Vol", "5": "FS_R_Hippo_Vol", "6": "FS_L_Amygdala_Vol", "7": "FS_R_Amygdala_Vol", "8": "FS_L_Caudate_Vol", "9": "FS_R_Caudate_Vol", "10": "FS_L_Putamen_Vol", "11": "FS_R_Putamen_Vol", "12": "Age", "13": "Gender", "14": "MMSE_Score", "15": "NEOFAC_O", "16": "NEOFAC_C", "17": "ProcSpeed_Unadj", "18": "CardSort_Unadj", "19": "PicVocab_Unadj", "20": "ReadEng_Unadj"}, "VIF": {"0": 6.03776597747349, "1": 22.872414783107114, "2": 4.022469693555974, "3": 2.896746604744453, "4": 3.7588844591704897, "5": 4.201969321006268, "6": 3.822369703677875, "7": 3.672686717263376, "8": 9.989291736136057, "9": 10.302754208162037, "10": 3.8362588620518068, "11": 5.02149112487886, "12": 1.2322347281381907, "13": 1.806745343798456, "14": 1.1261868031866098, "15": 1.1758423791302675, "16": 1.0649843364868634, "17": 1.239317582669584, "18": 1.304089755493952, "19": 2.044423825084942, "20": 1.9793021869201737}}}
{"event": "outliers", "details": {"const": 0, "FS_SubCort_GM_Vol": 1, "FS_Tot_WM_Vol": 4, "FS_BrainStem_Vol": 5, "FS_L_Hippo_Vol": 10, "FS_R_Hippo_Vol": 5, "FS_L_Amygdala_Vol": 5, "FS_R_Amygdala_Vol": 5, "FS_L_Caudate_Vol": 3, "FS_R_Caudate_Vol": 4, "FS_L_Putamen_Vol": 3, "FS_R_Putamen_Vol": 3, "Age": 0, "Gender": 0, "MMSE_Score": 28, "NEOFAC_O": 1, "NEOFAC_C": 5, "ProcSpeed_Unadj": 2, "CardSort_Unadj": 1, "PicVocab_Unadj": 6, "ReadEng_Unadj": 6}}
{"event": "Breusch-Pagan test", "p-value": 0.3202510085545525}
{"event": "target skewness", "skewness": 0.26589021495369464}
{"event": "changing types", "details": "Changing Age and Gender to categorical"}
{"event": "fitting categorical node", "node": "Age"}
{"event": "Age node distribution", "distribution": {"1": 0.4366576819407008, "2": 0.344115004492363, "0": 0.20754716981132076, "3": 0.011680143755615454}}
{"event": "Node info", "node": "FS_SubCort_GM_Vol", "distribution": {"intercept": -4.44956571588051e-16, "beta": "FS_Tot_WM_Vol       0.206313\nFS_R_Hippo_Vol      0.245455\nFS_BrainStem_Vol    0.175295\nFS_R_Caudate_Vol    0.220434\nFS_L_Putamen_Vol    0.135897\nFS_R_Putamen_Vol    0.237816\ndtype: float64", "std": 0.23416807345206644}}
{"event": "Node info", "node": "FS_Tot_WM_Vol", "distribution": {"intercept": -0.3342904197845083, "beta": "FS_L_Putamen_Vol    -0.181212\nGender               0.327536\nFS_R_Hippo_Vol      -0.072084\nFS_BrainStem_Vol     0.137168\nAge                  0.159570\nFS_SubCort_GM_Vol    0.841328\ndtype: float64", "std": 0.5094273014475348}}
{"event": "Node info", "node": "FS_BrainStem_Vol", "distribution": {"intercept": -1.6479873021779667e-17, "beta": "FS_Tot_WM_Vol        0.212901\nFS_L_Caudate_Vol    -0.231821\nFS_L_Hippo_Vol      -0.170209\nFS_R_Amygdala_Vol   -0.120152\nFS_SubCort_GM_Vol    1.216380\nFS_R_Putamen_Vol    -0.323948\ndtype: float64", "std": 0.6016925233613792}}
{"event": "Node info", "node": "FS_L_Hippo_Vol", "distribution": {"intercept": 8.760353553682876e-17, "beta": "FS_BrainStem_Vol    -0.091623\nFS_L_Putamen_Vol    -0.171427\nFS_SubCort_GM_Vol    0.464214\nFS_L_Caudate_Vol    -0.078056\nFS_L_Amygdala_Vol    0.141533\nFS_R_Hippo_Vol       0.534233\ndtype: float64", "std": 0.5210478754306671}}
{"event": "Node info", "node": "FS_R_Hippo_Vol", "distribution": {"intercept": -8.27463098040937e-16, "beta": "FS_BrainStem_Vol    -0.064038\nFS_R_Caudate_Vol    -0.105845\nFS_R_Amygdala_Vol    0.097817\nFS_L_Putamen_Vol    -0.133834\nFS_SubCort_GM_Vol    0.554809\nFS_L_Hippo_Vol       0.492736\ndtype: float64", "std": 0.4967086848562185}}
{"event": "Node info", "node": "FS_L_Amygdala_Vol", "distribution": {"intercept": -0.12201760104286208, "beta": "Gender               0.267861\nMMSE_Score          -0.028750\nFS_L_Hippo_Vol       0.181241\nFS_R_Amygdala_Vol    0.523981\nFS_L_Putamen_Vol     0.036932\nFS_SubCort_GM_Vol    0.118538\ndtype: float64", "std": 0.5146182593394258}}
{"event": "Node info", "node": "FS_R_Amygdala_Vol", "distribution": {"intercept": 3.3566899260151217e-16, "beta": "FS_L_Putamen_Vol    -0.160694\nFS_SubCort_GM_Vol    0.494029\nFS_L_Caudate_Vol    -0.062808\nFS_L_Amygdala_Vol    0.538276\nFS_R_Hippo_Vol       0.077801\nFS_BrainStem_Vol    -0.066132\ndtype: float64", "std": 0.5245842665063883}}
{"event": "Node info", "node": "FS_L_Caudate_Vol", "distribution": {"intercept": 0.02996866425536989, "beta": "Gender              -0.065789\nFS_BrainStem_Vol    -0.039508\nFS_R_Caudate_Vol     0.889994\nFS_L_Putamen_Vol     0.051306\nFS_SubCort_GM_Vol    0.123797\nFS_R_Putamen_Vol    -0.057428\ndtype: float64", "std": 0.3198217724543071}}
{"event": "Node info", "node": "FS_R_Caudate_Vol", "distribution": {"intercept": -1.4051260155412137e-16, "beta": "CogFluidComp_Unadj   -0.019171\nFS_SubCort_GM_Vol     0.183260\nCardSort_Unadj        0.028729\nFS_L_Putamen_Vol     -0.055344\nFS_L_Caudate_Vol      0.854518\nFS_R_Hippo_Vol       -0.029691\ndtype: float64", "std": 0.3133221473321914}}
{"event": "Node info", "node": "FS_L_Putamen_Vol", "distribution": {"intercept": -5.386316392907986e-16, "beta": "FS_Tot_WM_Vol       -0.132436\nFS_R_Hippo_Vol      -0.092422\nFS_L_Hippo_Vol      -0.120228\nFS_R_Amygdala_Vol   -0.113567\nFS_R_Putamen_Vol     0.555567\nFS_SubCort_GM_Vol    0.636828\ndtype: float64", "std": 0.521495809678191}}
{"event": "Node info", "node": "FS_R_Putamen_Vol", "distribution": {"intercept": -4.501607420159814e-16, "beta": "FS_L_Caudate_Vol    -0.162697\nFS_R_Hippo_Vol      -0.125879\nFS_Tot_WM_Vol       -0.086064\nFS_BrainStem_Vol    -0.148477\nFS_L_Putamen_Vol     0.403548\nFS_SubCort_GM_Vol    0.912793\ndtype: float64", "std": 0.4528512142894141}}
{"event": "Node info", "node": "Age", "distribution": {"1": 0.4366576819407008, "2": 0.344115004492363, "0": 0.20754716981132076, "3": 0.011680143755615454}}
{"event": "Node info", "node": "Gender", "distribution": {