{"event": "missing values", "details": {"FS_SubCort_GM_Vol": 0, "FS_Tot_WM_Vol": 0, "FS_BrainStem_Vol": 0, "FS_L_Hippo_Vol": 0, "FS_R_Hippo_Vol": 0, "FS_L_Amygdala_Vol": 0, "FS_R_Amygdala_Vol": 0, "FS_L_Caudate_Vol": 0, "FS_R_Caudate_Vol": 0, "FS_L_Putamen_Vol": 0, "FS_R_Putamen_Vol": 0, "Age": 0, "Gender": 0, "CogFluidComp_Unadj": 0, "MMSE_Score": 0, "NEOFAC_O": 0, "NEOFAC_C": 0, "ProcSpeed_Unadj": 0, "CardSort_Unadj": 0, "PicVocab_Unadj": 0, "ReadEng_Unadj": 0}}
{"event": "VIF scores", "vif": {"Variable": {"0": "const", "1": "FS_SubCort_GM_Vol", "2": "FS_Tot_WM_Vol", "3": "FS_BrainStem_Vol", "4": "FS_L_Hippo_Vol", "5": "FS_R_Hippo_Vol", "6": "FS_L_Amygdala_Vol", "7": "FS_R_Amygdala_Vol", "8": "FS_L_Caudate_Vol", "9": "FS_R_Caudate_Vol", "10": "FS_L_Putamen_Vol", "11": "FS_R_Putamen_Vol", "12": "Age", "13": "Gender", "14": "MMSE_Score", "15": "NEOFAC_O", "16": "NEOFAC_C", "17": "ProcSpeed_Unadj", "18": "CardSort_Unadj", "19": "PicVocab_Unadj", "20": "ReadEng_Unadj"}, "VIF": {"0": 6.03776597747349, "1": 22.872414783107114, "2": 4.022469693555974, "3": 2.896746604744453, "4": 3.7588844591704897, "5": 4.201969321006268, "6": 3.822369703677875, "7": 3.672686717263376, "8": 9.989291736136057, "9": 10.302754208162037, "10": 3.8362588620518068, "11": 5.02149112487886, "12": 1.2322347281381907, "13": 1.806745343798456, "14": 1.1261868031866098, "15": 1.1758423791302675, "16": 1.0649843364868634, "17": 1.239317582669584, "18": 1.304089755493952, "19": 2.044423825084942, "20": 1.9793021869201737}}}
{"event": "outliers", "details": {"const": 0, "FS_SubCort_GM_Vol": 1, "FS_Tot_WM_Vol": 4, "FS_BrainStem_Vol": 5, "FS_L_Hippo_Vol": 10, "FS_R_Hippo_Vol": 5, "FS_L_Amygdala_Vol": 5, "FS_R_Amygdala_Vol": 5, "FS_L_Caudate_Vol": 3, "FS_R_Caudate_Vol": 4, "FS_L_Putamen_Vol": 3, "FS_R_Putamen_Vol": 3, "Age": 0, "Gender": 0, "MMSE_Score": 28, "NEOFAC_O": 1, "NEOFAC_C": 5, "ProcSpeed_Unadj": 2, "CardSort_Unadj": 1, "PicVocab_Unadj": 6, "ReadEng_Unadj": 6}}
{"event": "Breusch-Pagan test", "p-value": 0.3202510085545525}
{"event": "target skewness", "skewness": 0.26589021495369464}
{"event": "changing types", "details": "Changing Age and Gender to categorical"}
{"event": "fitting categorical node", "node": "Age"}
{"event": "Age node distribution", "distribution": {"1": 0.4366576819407008, "2": 0.344115004492363, "0": 0.20754716981132076, "3": 0.011680143755615454}}
{"event": "Node info", "node": "FS_SubCort_GM_Vol", "distribution": {"intercept": -4.44956571588051e-16, "beta": 